{
  "source_json": "/home/xuanhaosong/zed_ws/src/zed_subscriber/trajectory_data/trajectory_tracker0_20260401_230720_0003.json",
  "fit_method": "ols:gt",
  "coefficients": {
    "x": [
      -0.0504863169602442,
      0.3113971388981548
    ],
    "y": [
      -0.003120946344330371,
      -0.07613079059899475
    ],
    "z": [
      -4.776336828519616,
      1.7813154803224913,
      0.33173682760296763
    ]
  },
  "error_stats": {
    "x": {
      "all": null,
      "down": null
    },
    "y": {
      "all": null,
      "down": null
    },
    "z": {
      "all": null,
      "down": null
    },
    "vx": {
      "all": null,
      "down": null
    },
    "vy": {
      "all": null,
      "down": null
    },
    "vz": {
      "all": null,
      "down": null
    }
  },
  "samples": [
    {
      "frame_index": 0,
      "t": 0.0,
      "detection_xyz": [
        0.3426683280257747,
        -0.07590119287241567,
        0.33832504121729434
      ],
      "kf_update_xyz": [
        null,
        null,
        null
      ],
      "kf_update_vxyz": [
        null,
        null,
        null
      ],
      "fit_x": 0.3113971388981548,
      "fit_y": -0.07613079059899475,
      "fit_z": 0.33173682760296763,
      "fit_xyz": [
        0.3113971388981548,
        -0.07613079059899475,
        0.33173682760296763
      ],
      "fit_vx": -0.0504863169602442,
      "fit_vy": -0.003120946344330371,
      "fit_vz": 1.7813154803224913,
      "fit_vxyz": [
        -0.0504863169602442,
        -0.003120946344330371,
        1.7813154803224913
      ]
    },
    {
      "frame_index": 1,
      "t": 0.01924753189086914,
      "detection_xyz": [
        0.3307127561094307,
        -0.07549015571826465,
        0.3643270069944521
      ],
      "kf_update_xyz": [
        null,
        null,
        null
      ],
      "kf_update_vxyz": [
        null,
        null,
        null
      ],
      "fit_x": 0.31042540190240997,
      "fit_y": -0.07619086111328693,
      "fit_z": 0.36425327663110074,
      "fit_xyz": [
        0.31042540190240997,
        -0.07619086111328693,
        0.36425327663110074
      ],
      "fit_vx": -0.0504863169602442,
      "fit_vy": -0.003120946344330371,
      "fit_vz": 1.5974500894655632,
      "fit_vxyz": [
        -0.0504863169602442,
        -0.003120946344330371,
        1.5974500894655632
      ]
    },
    {
      "frame_index": 2,
      "t": 0.03347516059875488,
      "detection_xyz": [
        0.3292829690652191,
        -0.0778850853183149,
        0.38982225751308985
      ],
      "kf_update_xyz": [
        null,
        null,
        null
      ],
      "kf_update_vxyz": [
        null,
        null,
        null
      ],
      "fit_x": 0.30970710132987095,
      "fit_y": -0.0762352647790913,
      "fit_z": 0.3860143514012717,
      "fit_xyz": [
        0.30970710132987095,
        -0.0762352647790913,
        0.3860143514012717
      ],
      "fit_vx": -0.0504863169602442,
      "fit_vy": -0.003120946344330371,
      "fit_vz": 1.461538195505608,
      "fit_vxyz": [
        -0.0504863169602442,
        -0.003120946344330371,
        1.461538195505608
      ]
    },
    {
      "frame_index": 3,
      "t": 0.05142378807067871,
      "detection_xyz": [
        0.31996233147946274,
        -0.07781056554909452,
        0.4108976377005502
      ],
      "kf_update_xyz": [
        null,
        null,
        null
      ],
      "kf_update_vxyz": [
        null,
        null,
        null
      ],
      "fit_x": 0.30880094123432206,
      "fit_y": -0.07629128148238555,
      "fit_z": 0.4107082436804655,
      "fit_xyz": [
        0.30880094123432206,
        -0.07629128148238555,
        0.4107082436804655
      ],
      "fit_vx": -0.0504863169602442,
      "fit_vy": -0.003120946344330371,
      "fit_vz": 1.2900808146745506,
      "fit_vxyz": [
        -0.0504863169602442,
        -0.003120946344330371,
        1.2900808146745506
      ]
    },
    {
      "frame_index": 4,
      "t": 0.06821298599243164,
      "detection_xyz": [
        0.31449712056183676,
        -0.07967738221609533,
        0.4314812480161791
      ],
      "kf_update_xyz": [
        null,
        null,
        null
      ],
      "kf_update_vxyz": [
        null,
        null,
        null
      ],
      "fit_x": 0.3079533164665362,
      "fit_y": -0.07634367966826368,
      "fit_z": 0.4310213255199207,
      "fit_xyz": [
        0.3079533164665362,
        -0.07634367966826368,
        0.4310213255199207
      ],
      "fit_vx": -0.0504863169602442,
      "fit_vy": -0.003120946344330371,
      "fit_vz": 1.1296990859646034,
      "fit_vxyz": [
        -0.0504863169602442,
        -0.003120946344330371,
        1.1296990859646034
      ]
    },
    {
      "frame_index": 5,
      "t": 0.08437466621398926,
      "detection_xyz": [
        0.3085738627626259,
        -0.07933611991341442,
        0.4490354942454679
      ],
      "kf_update_xyz": [
        null,
        null,
        null
      ],
      "kf_update_vxyz": [
        null,
        null,
        null
      ],
      "fit_x": 0.3071373727562605,
      "fit_y": -0.07639411940506939,
      "fit_z": 0.4480315821556677,
      "fit_xyz": [
        0.3071373727562605,
        -0.07639411940506939,
        0.4480315821556677
      ],
      "fit_vx": -0.0504863169602442,
      "fit_vy": -0.003120946344330371,
      "fit_vz": 0.975311829058638,
      "fit_vxyz": [
        -0.0504863169602442,
        -0.003120946344330371,
        0.975311829058638
      ]
    },
    {
      "frame_index": 6,
      "t": 0.10549569129943848,
      "detection_xyz": [
        0.3037937301288385,
        -0.07996314037166594,
        0.46296708589676205
      ],
      "kf_update_xyz": [
        null,
        null,
        null
      ],
      "kf_update_vxyz": [
        null,
        null,
        null
      ],
      "fit_x": 0.30607104998927126,
      "fit_y": -0.07646003699109834,
      "fit_z": 0.46650045488656944,
      "fit_xyz": [
        0.30607104998927126,
        -0.07646003699109834,
        0.46650045488656944
      ],
      "fit_vx": -0.0504863169602442,
      "fit_vy": -0.003120946344330371,
      "fit_vz": 0.7735495691152023,
      "fit_vxyz": [
        -0.0504863169602442,
        -0.003120946344330371,
        0.7735495691152023
      ]
    },
    {
      "frame_index": 7,
      "t": 0.12488055229187012,
      "detection_xyz": [
        0.3011994672144384,
        -0.08126840642848034,
        0.47767064825124184
      ],
      "kf_update_xyz": [
        null,
        null,
        null
      ],
      "kf_update_vxyz": [
        null,
        null,
        null
      ],
      "fit_x": 0.3050923797529771,
      "fit_y": -0.07652053610214801,
      "fit_z": 0.47970078812033146,
      "fit_xyz": [
        0.3050923797529771,
        -0.07652053610214801,
        0.47970078812033146
      ],
      "fit_vx": -0.0504863169602442,
      "fit_vy": -0.003120946344330371,
      "fit_vz": 0.5883723181674334,
      "fit_vxyz": [
        -0.0504863169602442,
        -0.003120946344330371,
        0.5883723181674334
      ]
    },
    {
      "frame_index": 8,
      "t": 0.1390068531036377,
      "detection_xyz": [
        0.2986208915390464,
        -0.08036147374252303,
        0.4875079022416978
      ],
      "kf_update_xyz": [
        null,
        null,
        null
      ],
      "kf_update_vxyz": [
        null,
        null,
        null
      ],
      "fit_x": 0.3043791948527184,
      "fit_y": -0.07656462352902542,
      "fit_z": 0.4870591831199439,
      "fit_xyz": [
        0.3043791948527184,
        -0.07656462352902542,
        0.4870591831199439
      ],
      "fit_vx": -0.0504863169602442,
      "fit_vy": -0.003120946344330371,
      "fit_vz": 0.4534283765314493,
      "fit_vxyz": [
        -0.0504863169602442,
        -0.003120946344330371,
        0.4534283765314493
      ]
    },
    {
      "frame_index": 9,
      "t": 0.15198636054992676,